Workbook

Sheet 📋 PLAN SEMANAL
A1: 📋 PLAN SEMANAL DE PRODUCCIÓN — NATIONALE-NEDERLANDEN XÀTIVA
A2: Punto Naranja Xàtiva · Agente Dinamizador · Enviar a Antonio Morote cada lunes antes de las 9h
A4: 📅 DATOS DE LA SEMANA
A5: Semana del | B5: =TEXT(TODAY(),"DD/MM/YYYY") -> 21/03/2026 | E5: al
A6: Agente / Punto Naranja | B6: Nombre Agente Dinamizador — Xàtiva
A7: Objetivo acumulado N-N (pts) | B7: 10291 | E7: Acumulado a hoy: | F7: 4051.92
A8: Pts que faltan | B8: =TEXT(TODAY(),"DD/MM/YYYY") -> 21/03/2026 | E8: Días laborables semana: | F8: 5
A10: 📞 ACTIVIDAD DIARIA PLANIFICADA
B11: LUNES | C11: MARTES | D11: MIÉRCOLES | E11: JUEVES | F11: VIERNES | G11: TOTAL SEMANA | H11: NOTAS
A12: 📞 Llamadas previstas | B12: 17 | C12: 17 | D12: 17 | E12: 17 | F12: 17 | G12: =SUM(B13:F13) -> 85
A13: 👥 Contactos esperados | B13: 17 | C13: 17 | D13: 17 | E13: 17 | F13: 17 | G13: =SUM(B14:F14) -> 85
A14: 🤝 Reuniones previstas (10%) | B14: 17 | C14: 17 | D14: 17 | E14: 17 | F14: 17 | G14: =SUM(B14:F14) -> 85
A15: ✍️ Cierres esperados | B15: =ROUND(B13*0.1,0) -> 2 | C15: =ROUND(C13*0.1,0) -> 2 | D15: =ROUND(D13*0.1,0) -> 2 | E15: =ROUND(E13*0.1,0) -> 2 | F15: =ROUND(F13*0.1,0) -> 2 | G15: =SUM(B16:F16) -> 0
A18: 🔥 OPERACIONES CALIENTES — Previstas para cerrar esta semana
A19: NOMBRE CLIENTE | B19: PRODUCTO NN | C19: FECHA PREVISTA | D19: PROB. CIERRE | E19: PTS ESTIMADOS | F19: ESTADO | G19: PUEBLO | H19: NOTAS
A30: TOTALES PREVISTOS | E30: =SUM(E20:E29) -> 0
A32: 💊 PRODUCTOS A TRABAJAR ESTA SEMANA
A33: PRODUCTO | B33: CANDIDATOS DISPONIBLES | C33: LLAMADAS PLANIFICADAS | D33: REUNIONES ESPERADAS | E33: CIERRES ESPERADOS | F33: PTS ESTIMADOS | G33: PRIORIDAD | H33: OBSERVACIONES
A34: 💚 Plan Salud + Vida | B34: 503 | C34: 40 | D34: =ROUND(C35*0.1,0) -> 2 | E34: =ROUND(D35*0.4,0) -> 1 | G34: 🔥 URGENTE
A35: 🏠 MiHogar Seguro | B35: 52 | C35: 15 | D35: =ROUND(C36*0.1,0) -> 2 | E35: =ROUND(D36*0.4,0) -> 0 | G35: ⭐ ALTA
A36: 👴 Contigo Senior | B36: 171 | C36: 20 | D36: =ROUND(C37*0.1,0) -> 1 | E36: =ROUND(D37*0.4,0) -> 0 | G36: ⭐ ALTA
A37: 👨‍👩‍👧 Contigo Familia | B37: 3 | C37: 5 | D37: =ROUND(C38*0.1,0) -> 1 | E37: =ROUND(D38*0.4,0) -> 0 | G37: 🟡 MEDIA
A38: 💰 PPSA Autónomos | B38: 0 | C38: 5 | D38: =ROUND(C39*0.1,0) -> 0 | E38: =ROUND(D39*0.4,0) -> 0 | G38: 🟡 MEDIA
A40: 📊 RESUMEN EJECUTIVO PARA ANTONIO MOROTE
A41: Total llamadas planificadas semana | E41: =G13 -> 85
A42: Total reuniones esperadas | E42: =G15 -> 0
A43: Total cierres proyectados | E43: =G16 -> 0
A44: Puntos N-N proyectados semana | E44: =E30 -> 0
A45: Puntos acumulados + proyección | E45: =IFERROR(E7+E30,E7) -> Acumulado a hoy:
A46: % sobre objetivo total | E46: =IFERROR(E45/C7,0) -> 0

Sheet 📊 DASHBOARD ANTONIO
A1: 📊 INFORME SEMANAL DE PRODUCCIÓN — PUNTO NARANJA XÀTIVA
A2: Agente Dinamizador (Punto Naranja) · Nationale-Nederlanden Xàtiva y Comarca La Costera
A4: 🎯 OBJETIVO TOTAL | C4: ✅ ACUMULADO | E4: 📞 LLAMADAS SEMANA | G4: ✍️ CIERRES ESPERADOS
A5: ='📋 PLAN SEMANAL'!C7 -> 0 | C5: ='📋 PLAN SEMANAL'!E7 -> Acumulado a hoy: | E5: ='📋 PLAN SEMANAL'!G13 -> 85 | G5: ='📋 PLAN SEMANAL'!G16 -> 0
A6: Puntos N-N 2026 | C6: 39,4% conseguido | E6: Plan esta semana | G6: Proyección semana
A8: 🤝 REUNIONES SEMANA | C8: 💶 PTS PROYECTADOS | E8: 📈 ACUM+PROYECCIÓN | G8: % OBJETIVO
A9: ='📋 PLAN SEMANAL'!G15 -> 0 | C9: ='📋 PLAN SEMANAL'!E30 -> 0 | E9: ='📋 PLAN SEMANAL'!E41+E42 -> 85 | G9: =IFERROR(('📋 PLAN SEMANAL'!E7+'📋 PLAN SEMANAL'!E30)/'📋 PLAN SEMANAL'!C7,0) -> 0
A10: Tasa 10% llamadas | C10: Esta semana | E10: Si se cumple plan | G10: Si se cumple
A12: 🔥 OPERACIONES CALIENTES ESTA SEMANA
A13: CLIENTE | B13: PRODUCTO | C13: FECHA FIRMA | D13: PROB. CIERRE | E13: PTS ESTIMADOS | F13: ESTADO | G13: PUEBLO | H13: NOTAS
A14: ='📋 PLAN SEMANAL'!A20 -> 0 | B14: ='📋 PLAN SEMANAL'!B20 -> 0 | C14: ='📋 PLAN SEMANAL'!C20 -> 0 | D14: ='📋 PLAN SEMANAL'!D20 -> 0 | E14: ='📋 PLAN SEMANAL'!E20 -> 0 | F14: ='📋 PLAN SEMANAL'!F20 -> 0 | G14: ='📋 PLAN SEMANAL'!G20 -> 0 | H14: ='📋 PLAN SEMANAL'!H20 -> 0
A15: ='📋 PLAN SEMANAL'!A21 -> 0 | B15: ='📋 PLAN SEMANAL'!B21 -> 0 | C15: ='📋 PLAN SEMANAL'!C21 -> 0 | D15: ='📋 PLAN SEMANAL'!D21 -> 0 | E15: ='📋 PLAN SEMANAL'!E21 -> 0 | F15: ='📋 PLAN SEMANAL'!F21 -> 0 | G15: ='📋 PLAN SEMANAL'!G21 -> 0 | H15: ='📋 PLAN SEMANAL'!H21 -> 0
A16: ='📋 PLAN SEMANAL'!A22 -> 0 | B16: ='📋 PLAN SEMANAL'!B22 -> 0 | C16: ='📋 PLAN SEMANAL'!C22 -> 0 | D16: ='📋 PLAN SEMANAL'!D22 -> 0 | E16: ='📋 PLAN SEMANAL'!E22 -> 0 | F16: ='📋 PLAN SEMANAL'!F22 -> 0 | G16: ='📋 PLAN SEMANAL'!G22 -> 0 | H16: ='📋 PLAN SEMANAL'!H22 -> 0
A17: ='📋 PLAN SEMANAL'!A23 -> 0 | B17: ='📋 PLAN SEMANAL'!B23 -> 0 | C17: ='📋 PLAN SEMANAL'!C23 -> 0 | D17: ='📋 PLAN SEMANAL'!D23 -> 0 | E17: ='📋 PLAN SEMANAL'!E23 -> 0 | F17: ='📋 PLAN SEMANAL'!F23 -> 0 | G17: ='📋 PLAN SEMANAL'!G23 -> 0 | H17: ='📋 PLAN SEMANAL'!H23 -> 0
A18: ='📋 PLAN SEMANAL'!A24 -> 0 | B18: ='📋 PLAN SEMANAL'!B24 -> 0 | C18: ='📋 PLAN SEMANAL'!C24 -> 0 | D18: ='📋 PLAN SEMANAL'!D24 -> 0 | E18: ='📋 PLAN SEMANAL'!E24 -> 0 | F18: ='📋 PLAN SEMANAL'!F24 -> 0 | G18: ='📋 PLAN SEMANAL'!G24 -> 0 | H18: ='📋 PLAN SEMANAL'!H24 -> 0
A19: ='📋 PLAN SEMANAL'!A25 -> 0 | B19: ='📋 PLAN SEMANAL'!B25 -> 0 | C19: ='📋 PLAN SEMANAL'!C25 -> 0 | D19: ='📋 PLAN SEMANAL'!D25 -> 0 | E19: ='📋 PLAN SEMANAL'!E25 -> 0 | F19: ='📋 PLAN SEMANAL'!F25 -> 0 | G19: ='📋 PLAN SEMANAL'!G25 -> 0 | H19: ='📋 PLAN SEMANAL'!H25 -> 0
A20: ='📋 PLAN SEMANAL'!A26 -> 0 | B20: ='📋 PLAN SEMANAL'!B26 -> 0 | C20: ='📋 PLAN SEMANAL'!C26 -> 0 | D20: ='📋 PLAN SEMANAL'!D26 -> 0 | E20: ='📋 PLAN SEMANAL'!E26 -> 0 | F20: ='📋 PLAN SEMANAL'!F26 -> 0 | G20: ='📋 PLAN SEMANAL'!G26 -> 0 | H20: ='📋 PLAN SEMANAL'!H26 -> 0
A21: ='📋 PLAN SEMANAL'!A27 -> 0 | B21: ='📋 PLAN SEMANAL'!B27 -> 0 | C21: ='📋 PLAN SEMANAL'!C27 -> 0 | D21: ='📋 PLAN SEMANAL'!D27 -> 0 | E21: ='📋 PLAN SEMANAL'!E27 -> 0 | F21: ='📋 PLAN SEMANAL'!F27 -> 0 | G21: ='📋 PLAN SEMANAL'!G27 -> 0 | H21: ='📋 PLAN SEMANAL'!H27 -> 0
A22: ='📋 PLAN SEMANAL'!A28 -> 0 | B22: ='📋 PLAN SEMANAL'!B28 -> 0 | C22: ='📋 PLAN SEMANAL'!C28 -> 0 | D22: ='📋 PLAN SEMANAL'!D28 -> 0 | E22: ='📋 PLAN SEMANAL'!E28 -> 0 | F22: ='📋 PLAN SEMANAL'!F28 -> 0 | G22: ='📋 PLAN SEMANAL'!G28 -> 0 | H22: ='📋 PLAN SEMANAL'!H28 -> 0
A23: ='📋 PLAN SEMANAL'!A29 -> 0 | B23: ='📋 PLAN SEMANAL'!B29 -> 0 | C23: ='📋 PLAN SEMANAL'!C29 -> 0 | D23: ='📋 PLAN SEMANAL'!D29 -> 0 | E23: ='📋 PLAN SEMANAL'!E29 -> 0 | F23: ='📋 PLAN SEMANAL'!F29 -> 0 | G23: ='📋 PLAN SEMANAL'!G29 -> 0 | H23: ='📋 PLAN SEMANAL'!H29 -> 0
A24: TOTAL PUNTOS OPERACIONES CALIENTES | E24: ='📋 PLAN SEMANAL'!E30 -> 0
A26: 💊 PRODUCTOS TRABAJADOS ESTA SEMANA
A27: PRODUCTO | B27: CANDIDATOS | C27: LLAMADAS | D27: REUNIONES | E27: CIERRES ESP. | F27: PTS EST. | G27: PRIORIDAD | H27: OBS.
A28: ='📋 PLAN SEMANAL'!A34 -> 💚 Plan Salud + Vida | B28: ='📋 PLAN SEMANAL'!B34 -> 503 | C28: ='📋 PLAN SEMANAL'!C34 -> 40 | D28: ='📋 PLAN SEMANAL'!D34 -> 2 | E28: ='📋 PLAN SEMANAL'!E34 -> 1 | F28: ='📋 PLAN SEMANAL'!F34 -> 0 | G28: ='📋 PLAN SEMANAL'!G34 -> 🔥 URGENTE | H28: ='📋 PLAN SEMANAL'!H34 -> 0
A29: ='📋 PLAN SEMANAL'!A35 -> 🏠 MiHogar Seguro | B29: ='📋 PLAN SEMANAL'!B35 -> 52 | C29: ='📋 PLAN SEMANAL'!C35 -> 15 | D29: ='📋 PLAN SEMANAL'!D35 -> 2 | E29: ='📋 PLAN SEMANAL'!E35 -> 0 | F29: ='📋 PLAN SEMANAL'!F35 -> 0 | G29: ='📋 PLAN SEMANAL'!G35 -> ⭐ ALTA | H29: ='📋 PLAN SEMANAL'!H35 -> 0
A30: ='📋 PLAN SEMANAL'!A36 -> 👴 Contigo Senior | B30: ='📋 PLAN SEMANAL'!B36 -> 171 | C30: ='📋 PLAN SEMANAL'!C36 -> 20 | D30: ='📋 PLAN SEMANAL'!D36 -> 1 | E30: ='📋 PLAN SEMANAL'!E36 -> 0 | F30: ='📋 PLAN SEMANAL'!F36 -> 0 | G30: ='📋 PLAN SEMANAL'!G36 -> ⭐ ALTA | H30: ='📋 PLAN SEMANAL'!H36 -> 0
A31: ='📋 PLAN SEMANAL'!A37 -> 👨‍👩‍👧 Contigo Familia | B31: ='📋 PLAN SEMANAL'!B37 -> 3 | C31: ='📋 PLAN SEMANAL'!C37 -> 5 | D31: ='📋 PLAN SEMANAL'!D37 -> 1 | E31: ='📋 PLAN SEMANAL'!E37 -> 0 | F31: ='📋 PLAN SEMANAL'!F37 -> 0 | G31: ='📋 PLAN SEMANAL'!G37 -> 🟡 MEDIA | H31: ='📋 PLAN SEMANAL'!H37 -> 0
A32: ='📋 PLAN SEMANAL'!A38 -> 💰 PPSA Autónomos | B32: ='📋 PLAN SEMANAL'!B38 -> 0 | C32: ='📋 PLAN SEMANAL'!C38 -> 5 | D32: ='📋 PLAN SEMANAL'!D38 -> 0 | E32: ='📋 PLAN SEMANAL'!E38 -> 0 | F32: ='📋 PLAN SEMANAL'!F38 -> 0 | G32: ='📋 PLAN SEMANAL'!G38 -> 🟡 MEDIA | H32: ='📋 PLAN SEMANAL'!H38 -> 0

Sheet 👥 PLANTILLA AGENTES
A1: 👥 PLANTILLA SEMANAL PARA AGENTES — Nationale-Nederlanden
A2: Cada agente rellena esta hoja y la envía al Punto Naranja antes del LUNES 8:30h
A4: 👤 DATOS DEL AGENTE
A5: Nombre completo
A6: Zona / Pueblo
A7: Semana del | B7: =TEXT(TODAY(),"DD/MM/YYYY") -> 21/03/2026
A8: Supervisor | B8: Antonio Morote
A10: 📞 ACTIVIDAD SEMANAL REALIZADA
B11: LUNES | C11: MARTES | D11: MIÉRCOLES | E11: JUEVES | F11: VIERNES | G11: TOTAL | H11: OBSERVACIONES
A12: Llamadas realizadas | G12: =SUM(B12:F12) -> 0
A13: Contactos conseguidos | G13: =SUM(B13:F13) -> 0
A14: Reuniones realizadas | G14: =SUM(B14:F14) -> 0
A15: Pólizas firmadas | G15: =SUM(B15:F15) -> 0
A16: Puntos N-N generados | G16: =SUM(B16:F16) -> 0
A18: 🔥 OPERACIONES PREVISTAS PRÓXIMA SEMANA
A19: NOMBRE CLIENTE | B19: PRODUCTO | C19: FECHA FIRMA | D19: PROB. CIERRE | E19: PTS ESTIMADOS | F19: ESTADO | G19: PUEBLO | H19: NOTAS
A28: TOTAL PTS ESTIMADOS | E28: =SUM(E20:E27) -> 0

Sheet 🏆 CONSOLIDADO EQUIPO
A1: 🏆 CONSOLIDADO EQUIPO — PUNTO NARANJA XÀTIVA · SEMANA
A2: Documento final para Antonio Morote · Incluye Punto Naranja + todos los agentes del equipo
A4: 📊 RESUMEN POR AGENTE — LLAMADAS, REUNIONES Y PUNTOS PREVISTOS
A5: AGENTE / PUNTO NARANJA | B5: ZONA | C5: LLAMADAS SEMANA | D5: REUNIONES ESP. | E5: CIERRES ESP. | F5: PTS ESTIMADOS | G5: % OBJ MENSUAL | H5: ESTADO
A6: 🎯 Punto Naranja (Xàtiva) | B6: Xàtiva / La Costera | C6: ='📋 PLAN SEMANAL'!G13 -> 85 | D6: ='📋 PLAN SEMANAL'!G15 -> 0 | E6: ='📋 PLAN SEMANAL'!G16 -> 0 | F6: ='📋 PLAN SEMANAL'!E30 -> 0 | H6: 🟢 EN PLAN
A7: Agente 1
A8: Agente 2
A9: Agente 3
A10: Agente 4
A11: TOTAL EQUIPO | C11: =SUM(C6:C10) -> 85 | D11: =SUM(D6:D10) -> 0 | E11: =SUM(E6:E10) -> 0 | F11: =SUM(F6:F10) -> 0
